Operation	Seqn	Address	Value	Value (Model)	PC	Size	Timestamp	Model
READ	0	0x400e1208	7ffffffe		0x082629	4	0	
READ	1	0x400e1218	27e00000		0x08263b	4	0	
WRITE	2	0x400e1244	02000000		0x0824ff	4	0	
WRITE	3	0x400e1264	02000000		0x082509	4	0	
WRITE	4	0x400e1254	02000000		0x082523	4	0	
WRITE	5	0x400e1234	02000000		0x08253f	4	0	
WRITE	6	0x400e1210	02000000		0x08254d	4	0	
WRITE	7	0x400e1200	02000000		0x083ae5	4	0	
READ	8	0x400e1208	7ffffffe		0x082629	4	0	
READ	9	0x400840a0	00050014		0x080d77	4	0	
READ	10	0x400e143c	7fffffff		0x08234d	4	0	
READ	11	0x400e1218	27e00000		0x08263b	4	0	
WRITE	12	0x400e1244	02000000		0x0824ff	4	0	
WRITE	13	0x400e1264	02000000		0x082509	4	0	
WRITE	14	0x400e1254	02000000		0x082523	4	0	
WRITE	15	0x400e1234	02000000		0x08253f	4	0	
WRITE	16	0x400e1210	02000000		0x08254d	4	0	
WRITE	17	0x400e1200	02000000		0x083ae5	4	0	
READ	18	0x400e1208	7ffffffe		0x082629	4	0	
READ	19	0x400e1218	27e00000		0x08263b	4	0	
WRITE	20	0x400e1244	02000000		0x0824ff	4	0	
WRITE	21	0x400e1264	02000000		0x082509	4	0	
WRITE	22	0x400e1254	02000000		0x082523	4	0	
WRITE	23	0x400e1234	02000000		0x08253f	4	0	
WRITE	24	0x400e1210	02000000		0x08254d	4	0	
READ	25	0x400840a0	00050014		0x080d77	4	0	
READ	26	0x400e143c	7fffffff		0x08234d	4	0	
WRITE	27	0x400e1200	02000000		0x083ae5	4	0	
READ	28	0x400e1208	7ffffffe		0x082629	4	0	
READ	29	0x400e1218	27e00000		0x08263b	4	0	
WRITE	30	0x400e1244	02000000		0x0824ff	4	0	
WRITE	31	0x400e1264	02000000		0x082509	4	0	
WRITE	32	0x400e1254	02000000		0x082523	4	0	
WRITE	33	0x400e1234	02000000		0x08253f	4	0	
WRITE	34	0x400e1210	02000000		0x08254d	4	0	
WRITE	35	0x400e1200	02000000		0x083ae5	4	0	
READ	36	0x400e1208	7ffffffe		0x082629	4	0	
READ	37	0x400e1218	27e00000		0x08263b	4	0	
WRITE	38	0x400e1244	02000000		0x0824ff	4	0	
READ	39	0x400840a0	00050014		0x080d77	4	0	
READ	40	0x400e143c	7fffffff		0x08234d	4	0	
WRITE	41	0x400e1264	02000000		0x082509	4	0	
WRITE	42	0x400e1254	02000000		0x082523	4	0	
WRITE	43	0x400e1234	02000000		0x08253f	4	0	
WRITE	44	0x400e1210	02000000		0x08254d	4	0	
WRITE	45	0x400e1200	02000000		0x083ae5	4	0	
READ	46	0x400e1208	7ffffffe		0x082629	4	0	
READ	47	0x400e1218	27e00000		0x08263b	4	0	
WRITE	48	0x400e1244	02000000		0x0824ff	4	0	
WRITE	49	0x400e1264	02000000		0x082509	4	0	
WRITE	50	0x400e1254	02000000		0x082523	4	0	
WRITE	51	0x400e1234	02000000		0x08253f	4	0	
WRITE	52	0x400e1210	02000000		0x08254d	4	0	
WRITE	53	0x400e1200	02000000		0x083ae5	4	0	
READ	54	0x400840a0	00050014		0x080d77	4	0	
READ	55	0x400e143c	7fffffff		0x08234d	4	0	
READ	56	0x400e1208	7ffffffe		0x082629	4	0	
READ	57	0x400e1218	27e00000		0x08263b	4	0	
WRITE	58	0x400e1244	02000000		0x0824ff	4	0	
WRITE	59	0x400e1264	02000000		0x082509	4	0	
WRITE	60	0x400e1254	02000000		0x082523	4	0	
WRITE	61	0x400e1234	02000000		0x08253f	4	0	
WRITE	62	0x400e1210	02000000		0x08254d	4	0	
WRITE	63	0x400e1200	02000000		0x083ae5	4	0	
READ	64	0x400e1208	7ffffffe		0x082629	4	0	
READ	65	0x400e1218	27e00000		0x08263b	4	0	
WRITE	66	0x400e1244	02000000		0x0824ff	4	0	
WRITE	67	0x400e1264	02000000		0x082509	4	0	
WRITE	68	0x400e1254	02000000		0x082523	4	0	
WRITE	69	0x400e1234	02000000		0x08253f	4	0	
READ	70	0x400840a0	00050014		0x080d77	4	0	
READ	71	0x400e143c	7fffffff		0x08234d	4	0	
WRITE	72	0x400e1210	02000000		0x08254d	4	0	
WRITE	73	0x400e1200	02000000		0x083ae5	4	0	
READ	74	0x400e1208	7ffffffe		0x082629	4	0	
READ	75	0x400e1218	27e00000		0x08263b	4	0	
WRITE	76	0x400e1244	02000000		0x0824ff	4	0	
WRITE	77	0x400e1264	02000000		0x082509	4	0	
WRITE	78	0x400e1254	02000000		0x082523	4	0	
WRITE	79	0x400e1234	02000000		0x08253f	4	0	
WRITE	80	0x400e1210	02000000		0x08254d	4	0	
WRITE	81	0x400e1200	02000000		0x083ae5	4	0	
READ	82	0x400e1208	7ffffffe		0x082629	4	0	
READ	83	0x400e1218	27e00000		0x08263b	4	0	
WRITE	84	0x400e1244	02000000		0x0824ff	4	0	
READ	85	0x400840a0	00050014		0x080d77	4	0	
READ	86	0x400e143c	7fffffff		0x08234d	4	0	
WRITE	87	0x400e1264	02000000		0x082509	4	0	
WRITE	88	0x400e1254	02000000		0x082523	4	0	
WRITE	89	0x400e1234	02000000		0x08253f	4	0	
WRITE	90	0x400e1210	02000000		0x08254d	4	0	
WRITE	91	0x400e1200	02000000		0x083ae5	4	0	
READ	92	0x400e1208	7ffffffe		0x082629	4	0	
READ	93	0x400e1218	27e00000		0x08263b	4	0	
WRITE	94	0x400e1244	02000000		0x0824ff	4	0	
WRITE	95	0x400e1264	02000000		0x082509	4	0	
WRITE	96	0x400e1254	02000000		0x082523	4	0	
WRITE	97	0x400e1234	02000000		0x08253f	4	0	
WRITE	98	0x400e1210	02000000		0x08254d	4	0	
WRITE	99	0x400e1200	02000000		0x083ae5	4	0	
READ	100	0x400840a0	00050014		0x080d77	4	0	
READ	101	0x400e143c	7fffffff		0x08234d	4	0	
READ	102	0x400e1208	7ffffffe		0x082629	4	0	
READ	103	0x400e1218	27e00000		0x08263b	4	0	
WRITE	104	0x400e1244	02000000		0x0824ff	4	0	
WRITE	105	0x400e1264	02000000		0x082509	4	0	
WRITE	106	0x400e1254	02000000		0x082523	4	0	
WRITE	107	0x400e1234	02000000		0x08253f	4	0	
WRITE	108	0x400e1210	02000000		0x08254d	4	0	
WRITE	109	0x400e1200	02000000		0x083ae5	4	0	
READ	110	0x400e1208	7ffffffe		0x082629	4	0	
READ	111	0x400e1218	27e00000		0x08263b	4	0	
WRITE	112	0x400e1244	02000000		0x0824ff	4	0	
WRITE	113	0x400e1264	02000000		0x082509	4	0	
WRITE	114	0x400e1254	02000000		0x082523	4	0	
WRITE	115	0x400e1234	02000000		0x08253f	4	0	
READ	116	0x400840a0	00050014		0x080d77	4	0	
READ	117	0x400e143c	7fffffff		0x08234d	4	0	
WRITE	118	0x400e1210	02000000		0x08254d	4	0	
WRITE	119	0x400e1200	02000000		0x083ae5	4	0	
READ	120	0x400e1208	7ffffffe		0x082629	4	0	
READ	121	0x400e1218	27e00000		0x08263b	4	0	
WRITE	122	0x400e1244	02000000		0x0824ff	4	0	
WRITE	123	0x400e1264	02000000		0x082509	4	0	
WRITE	124	0x400e1254	02000000		0x082523	4	0	
WRITE	125	0x400e1234	02000000		0x08253f	4	0	
WRITE	126	0x400e1210	02000000		0x08254d	4	0	
WRITE	127	0x400e1200	02000000		0x083ae5	4	0	
READ	128	0x400e1208	7ffffffe		0x082629	4	0	
READ	129	0x400e1218	27e00000		0x08263b	4	0	
READ	130	0x400840a0	00050014		0x080d77	4	0	
READ	131	0x400e143c	7fffffff		0x08234d	4	0	
WRITE	132	0x400e1244	02000000		0x0824ff	4	0	
WRITE	133	0x400e1264	02000000		0x082509	4	0	
WRITE	134	0x400e1254	02000000		0x082523	4	0	
WRITE	135	0x400e1234	02000000		0x08253f	4	0	
WRITE	136	0x400e1210	02000000		0x08254d	4	0	
WRITE	137	0x400e1200	02000000		0x083ae5	4	0	
READ	138	0x400e1208	7ffffffe		0x082629	4	0	
READ	139	0x400e1218	27e00000		0x08263b	4	0	
WRITE	140	0x400e1244	02000000		0x0824ff	4	0	
WRITE	141	0x400e1264	02000000		0x082509	4	0	
WRITE	142	0x400e1254	02000000		0x082523	4	0	
WRITE	143	0x400e1234	02000000		0x08253f	4	0	
WRITE	144	0x400e1210	02000000		0x08254d	4	0	
WRITE	145	0x400e1200	02000000		0x083ae5	4	0	
READ	146	0x400840a0	00050014		0x080d77	4	0	
READ	147	0x400e143c	7fffffff		0x08234d	4	0	
READ	148	0x400e1208	7ffffffe		0x082629	4	0	
READ	149	0x400e1218	27e00000		0x08263b	4	0	
WRITE	150	0x400e1244	02000000		0x0824ff	4	0	
WRITE	151	0x400e1264	02000000		0x082509	4	0	
WRITE	152	0x400e1254	02000000		0x082523	4	0	
WRITE	153	0x400e1234	02000000		0x08253f	4	0	
WRITE	154	0x400e1210	02000000		0x08254d	4	0	
WRITE	155	0x400e1200	02000000		0x083ae5	4	0	
READ	156	0x400e1208	7ffffffe		0x082629	4	0	
READ	157	0x400e1218	27e00000		0x08263b	4	0	
WRITE	158	0x400e1244	02000000		0x0824ff	4	0	
WRITE	159	0x400e1264	02000000		0x082509	4	0	
READ	160	0x400840a0	00050014		0x080d77	4	0	
READ	161	0x400e143c	7fffffff		0x08234d	4	0	
WRITE	162	0x400e1254	02000000		0x082523	4	0	
WRITE	163	0x400e1234	02000000		0x08253f	4	0	
WRITE	164	0x400e1210	02000000		0x08254d	4	0	
WRITE	165	0x400e1200	02000000		0x083ae5	4	0	
READ	166	0x400e1208	7ffffffe		0x082629	4	0	
READ	167	0x400e1218	27e00000		0x08263b	4	0	
WRITE	168	0x400e1244	02000000		0x0824ff	4	0	
WRITE	169	0x400e1264	02000000		0x082509	4	0	
WRITE	170	0x400e1254	02000000		0x082523	4	0	
WRITE	171	0x400e1234	02000000		0x08253f	4	0	
WRITE	172	0x400e1210	02000000		0x08254d	4	0	
WRITE	173	0x400e1200	02000000		0x083ae5	4	0	
READ	174	0x400e1208	7ffffffe		0x082629	4	0	
READ	175	0x400840a0	00050014		0x080d77	4	0	
READ	176	0x400e143c	7fffffff		0x08234d	4	0	
READ	177	0x400e1218	27e00000		0x08263b	4	0	
WRITE	178	0x400e1244	02000000		0x0824ff	4	0	
WRITE	179	0x400e1264	02000000		0x082509	4	0	
WRITE	180	0x400e1254	02000000		0x082523	4	0	
WRITE	181	0x400e1234	02000000		0x08253f	4	0	
WRITE	182	0x400e1210	02000000		0x08254d	4	0	
WRITE	183	0x400e1200	02000000		0x083ae5	4	0	
READ	184	0x400e1208	7ffffffe		0x082629	4	0	
READ	185	0x400e1218	27e00000		0x08263b	4	0	
WRITE	186	0x400e1244	02000000		0x0824ff	4	0	
WRITE	187	0x400e1264	02000000		0x082509	4	0	
WRITE	188	0x400e1254	02000000		0x082523	4	0	
WRITE	189	0x400e1234	02000000		0x08253f	4	0	
WRITE	190	0x400e1210	02000000		0x08254d	4	0	
WRITE	191	0x400e1200	02000000		0x083ae5	4	0	
READ	192	0x400840a0	00050014		0x080d77	4	0	
READ	193	0x400e143c	7fffffff		0x08234d	4	0	
READ	194	0x400e1208	7ffffffe		0x082629	4	0	
READ	195	0x400e1218	27e00000		0x08263b	4	0	
WRITE	196	0x400e1244	02000000		0x0824ff	4	0	
WRITE	197	0x400e1264	02000000		0x082509	4	0	
WRITE	198	0x400e1254	02000000		0x082523	4	0	
WRITE	199	0x400e1234	02000000		0x08253f	4	0	
WRITE	200	0x400e1210	02000000		0x08254d	4	0	
WRITE	201	0x400e1200	02000000		0x083ae5	4	0	
READ	202	0x400e1208	7ffffffe		0x082629	4	0	
READ	203	0x400e1218	27e00000		0x08263b	4	0	
WRITE	204	0x400e1244	02000000		0x0824ff	4	0	
READ	205	0x400840a0	00050014		0x080d77	4	0	
READ	206	0x400e143c	7fffffff		0x08234d	4	0	
WRITE	207	0x400e1264	02000000		0x082509	4	0	
WRITE	208	0x400e1254	02000000		0x082523	4	0	
WRITE	209	0x400e1234	02000000		0x08253f	4	0	
WRITE	210	0x400e1210	02000000		0x08254d	4	0	
WRITE	211	0x400e1200	02000000		0x083ae5	4	0	
READ	212	0x400e1208	7ffffffe		0x082629	4	0	
READ	213	0x400e1218	27e00000		0x08263b	4	0	
WRITE	214	0x400e1244	02000000		0x0824ff	4	0	
WRITE	215	0x400e1264	02000000		0x082509	4	0	
WRITE	216	0x400e1254	02000000		0x082523	4	0	
WRITE	217	0x400e1234	02000000		0x08253f	4	0	
WRITE	218	0x400e1210	02000000		0x08254d	4	0	
WRITE	219	0x400e1200	02000000		0x083ae5	4	0	
READ	220	0x400840a0	00050014		0x080d77	4	0	
READ	221	0x400e143c	7fffffff		0x08234d	4	0	
READ	222	0x400e1208	7ffffffe		0x082629	4	0	
READ	223	0x400e1218	27e00000		0x08263b	4	0	
WRITE	224	0x400e1244	02000000		0x0824ff	4	0	
WRITE	225	0x400e1264	02000000		0x082509	4	0	
WRITE	226	0x400e1254	02000000		0x082523	4	0	
WRITE	227	0x400e1234	02000000		0x08253f	4	0	
WRITE	228	0x400e1210	02000000		0x08254d	4	0	
WRITE	229	0x400e1200	02000000		0x083ae5	4	0	
READ	230	0x400e1208	7ffffffe		0x082629	4	0	
READ	231	0x400e1218	27e00000		0x08263b	4	0	
WRITE	232	0x400e1244	02000000		0x0824ff	4	0	
WRITE	233	0x400e1264	02000000		0x082509	4	0	
WRITE	234	0x400e1254	02000000		0x082523	4	0	
WRITE	235	0x400e1234	02000000		0x08253f	4	0	
READ	236	0x400840a0	00050014		0x080d77	4	0	
READ	237	0x400e143c	7fffffff		0x08234d	4	0	
WRITE	238	0x400e1210	02000000		0x08254d	4	0	
WRITE	239	0x400e1200	02000000		0x083ae5	4	0	
READ	240	0x400e1208	7ffffffe		0x082629	4	0	
READ	241	0x400e1218	27e00000		0x08263b	4	0	
WRITE	242	0x400e1244	02000000		0x0824ff	4	0	
WRITE	243	0x400e1264	02000000		0x082509	4	0	
WRITE	244	0x400e1254	02000000		0x082523	4	0	
WRITE	245	0x400e1234	02000000		0x08253f	4	0	
WRITE	246	0x400e1210	02000000		0x08254d	4	0	
WRITE	247	0x400e1200	02000000		0x083ae5	4	0	
READ	248	0x400e1208	7ffffffe		0x082629	4	0	
READ	249	0x400e1218	27e00000		0x08263b	4	0	
READ	250	0x400840a0	00050014		0x080d77	4	0	
READ	251	0x400e143c	7fffffff		0x08234d	4	0	
WRITE	252	0x400e1244	02000000		0x0824ff	4	0	
WRITE	253	0x400e1264	02000000		0x082509	4	0	
WRITE	254	0x400e1254	02000000		0x082523	4	0	
WRITE	255	0x400e1234	02000000		0x08253f	4	0	
WRITE	256	0x400e1210	02000000		0x08254d	4	0	
WRITE	257	0x400e1200	02000000		0x083ae5	4	0	
READ	258	0x400e1208	7ffffffe		0x082629	4	0	
READ	259	0x400e1218	27e00000		0x08263b	4	0	
WRITE	260	0x400e1244	02000000		0x0824ff	4	0	
WRITE	261	0x400e1264	02000000		0x082509	4	0	
WRITE	262	0x400e1254	02000000		0x082523	4	0	
WRITE	263	0x400e1234	02000000		0x08253f	4	0	
WRITE	264	0x400e1210	02000000		0x08254d	4	0	
WRITE	265	0x400e1200	02000000		0x083ae5	4	0	
READ	266	0x400840a0	00050014		0x080d77	4	0	
READ	267	0x400e143c	7fffffff		0x08234d	4	0	
READ	268	0x400e1208	7ffffffe		0x082629	4	0	
READ	269	0x400e1218	27e00000		0x08263b	4	0	
WRITE	270	0x400e1244	02000000		0x0824ff	4	0	
WRITE	271	0x400e1264	02000000		0x082509	4	0	
WRITE	272	0x400e1254	02000000		0x082523	4	0	
WRITE	273	0x400e1234	02000000		0x08253f	4	0	
WRITE	274	0x400e1210	02000000		0x08254d	4	0	
WRITE	275	0x400e1200	02000000		0x083ae5	4	0	
READ	276	0x400e1208	7ffffffe		0x082629	4	0	
READ	277	0x400e1218	27e00000		0x08263b	4	0	
WRITE	278	0x400e1244	02000000		0x0824ff	4	0	
WRITE	279	0x400e1264	02000000		0x082509	4	0	
WRITE	280	0x400e1254	02000000		0x082523	4	0	
READ	281	0x400840a0	00050014		0x080d77	4	0	
READ	282	0x400e143c	7fffffff		0x08234d	4	0	
WRITE	283	0x400e1234	02000000		0x08253f	4	0	
WRITE	284	0x400e1210	02000000		0x08254d	4	0	
WRITE	285	0x400e1200	02000000		0x083ae5	4	0	
READ	286	0x400e1208	7ffffffe		0x082629	4	0	
READ	287	0x400e1218	27e00000		0x08263b	4	0	
WRITE	288	0x400e1244	02000000		0x0824ff	4	0	
WRITE	289	0x400e1264	02000000		0x082509	4	0	
WRITE	290	0x400e1254	02000000		0x082523	4	0	
WRITE	291	0x400e1234	02000000		0x08253f	4	0	
WRITE	292	0x400e1210	02000000		0x08254d	4	0	
WRITE	293	0x400e1200	02000000		0x083ae5	4	0	
READ	294	0x400e1208	7ffffffe		0x082629	4	0	
READ	295	0x400840a0	00050014		0x080d77	4	0	
READ	296	0x400e143c	7fffffff		0x08234d	4	0	
READ	297	0x400e1218	27e00000		0x08263b	4	0	
WRITE	298	0x400e1244	02000000		0x0824ff	4	0	
WRITE	299	0x400e1264	02000000		0x082509	4	0	
WRITE	300	0x400e1254	02000000		0x082523	4	0	
WRITE	301	0x400e1234	02000000		0x08253f	4	0	
WRITE	302	0x400e1210	02000000		0x08254d	4	0	
WRITE	303	0x400e1200	02000000		0x083ae5	4	0	
READ	304	0x400e1208	7ffffffe		0x082629	4	0	
READ	305	0x400e1218	27e00000		0x08263b	4	0	
WRITE	306	0x400e1244	02000000		0x0824ff	4	0	
WRITE	307	0x400e1264	02000000		0x082509	4	0	
WRITE	308	0x400e1254	02000000		0x082523	4	0	
WRITE	309	0x400e1234	02000000		0x08253f	4	0	
WRITE	310	0x400e1210	02000000		0x08254d	4	0	
WRITE	311	0x400e1200	02000000		0x083ae5	4	0	
READ	312	0x400840a0	00050014		0x080d77	4	0	
READ	313	0x400e143c	7fffffff		0x08234d	4	0	
READ	314	0x400e1208	7ffffffe		0x082629	4	0	
READ	315	0x400e1218	27e00000		0x08263b	4	0	
WRITE	316	0x400e1244	02000000		0x0824ff	4	0	
WRITE	317	0x400e1264	02000000		0x082509	4	0	
WRITE	318	0x400e1254	02000000		0x082523	4	0	
WRITE	319	0x400e1234	02000000		0x08253f	4	0	
WRITE	320	0x400e1210	02000000		0x08254d	4	0	
WRITE	321	0x400e1200	02000000		0x083ae5	4	0	
READ	322	0x400e1208	7ffffffe		0x082629	4	0	
READ	323	0x400e1218	27e00000		0x08263b	4	0	
WRITE	324	0x400e1244	02000000		0x0824ff	4	0	
READ	325	0x400840a0	00050014		0x080d77	4	0	
READ	326	0x400e143c	7fffffff		0x08234d	4	0	
WRITE	327	0x400e1264	02000000		0x082509	4	0	
WRITE	328	0x400e1254	02000000		0x082523	4	0	
WRITE	329	0x400e1234	02000000		0x08253f	4	0	
WRITE	330	0x400e1210	02000000		0x08254d	4	0	
WRITE	331	0x400e1200	02000000		0x083ae5	4	0	
READ	332	0x400e1208	7ffffffe		0x082629	4	0	
READ	333	0x400e1218	27e00000		0x08263b	4	0	
WRITE	334	0x400e1244	02000000		0x0824ff	4	0	
WRITE	335	0x400e1264	02000000		0x082509	4	0	
WRITE	336	0x400e1254	02000000		0x082523	4	0	
WRITE	337	0x400e1234	02000000		0x08253f	4	0	
WRITE	338	0x400e1210	02000000		0x08254d	4	0	
WRITE	339	0x400e1200	02000000		0x083ae5	4	0	
READ	340	0x400840a0	00050014		0x080d77	4	0	
READ	341	0x400e143c	7fffffff		0x08234d	4	0	
READ	342	0x400e1208	7ffffffe		0x082629	4	0	
READ	343	0x400e1218	27e00000		0x08263b	4	0	
WRITE	344	0x400e1244	02000000		0x0824ff	4	0	
WRITE	345	0x400e1264	02000000		0x082509	4	0	
WRITE	346	0x400e1254	02000000		0x082523	4	0	
WRITE	347	0x400e1234	02000000		0x08253f	4	0	
WRITE	348	0x400e1210	02000000		0x08254d	4	0	
WRITE	349	0x400e1200	02000000		0x083ae5	4	0	
READ	350	0x400e1208	7ffffffe		0x082629	4	0	
READ	351	0x400e1218	27e00000		0x08263b	4	0	
WRITE	352	0x400e1244	02000000		0x0824ff	4	0	
WRITE	353	0x400e1264	02000000		0x082509	4	0	
WRITE	354	0x400e1254	02000000		0x082523	4	0	
WRITE	355	0x400e1234	02000000		0x08253f	4	0	
READ	356	0x400840a0	00050014		0x080d77	4	0	
READ	357	0x400e143c	7fffffff		0x08234d	4	0	
WRITE	358	0x400e1210	02000000		0x08254d	4	0	
WRITE	359	0x400e1200	02000000		0x083ae5	4	0	
READ	360	0x400e1208	7ffffffe		0x082629	4	0	
READ	361	0x400e1218	27e00000		0x08263b	4	0	
WRITE	362	0x400e1244	02000000		0x0824ff	4	0	
WRITE	363	0x400e1264	02000000		0x082509	4	0	
WRITE	364	0x400e1254	02000000		0x082523	4	0	
WRITE	365	0x400e1234	02000000		0x08253f	4	0	
WRITE	366	0x400e1210	02000000		0x08254d	4	0	
WRITE	367	0x400e1200	02000000		0x083ae5	4	0	
READ	368	0x400e1208	7ffffffe		0x082629	4	0	
READ	369	0x400e1218	27e00000		0x08263b	4	0	
WRITE	370	0x400e1244	02000000		0x0824ff	4	0	
READ	371	0x400840a0	00050014		0x080d77	4	0	
READ	372	0x400e143c	7fffffff		0x08234d	4	0	
WRITE	373	0x400e1264	02000000		0x082509	4	0	
WRITE	374	0x400e1254	02000000		0x082523	4	0	
WRITE	375	0x400e1234	02000000		0x08253f	4	0	
WRITE	376	0x400e1210	02000000		0x08254d	4	0	
WRITE	377	0x400e1200	02000000		0x083ae5	4	0	
READ	378	0x400e1208	7ffffffe		0x082629	4	0	
READ	379	0x400e1218	27e00000		0x08263b	4	0	
WRITE	380	0x400e1244	02000000		0x0824ff	4	0	
WRITE	381	0x400e1264	02000000		0x082509	4	0	
WRITE	382	0x400e1254	02000000		0x082523	4	0	
WRITE	383	0x400e1234	02000000		0x08253f	4	0	
WRITE	384	0x400e1210	02000000		0x08254d	4	0	
WRITE	385	0x400e1200	02000000		0x083ae5	4	0	
READ	386	0x400840a0	00050014		0x080d77	4	0	
READ	387	0x400e143c	7fffffff		0x08234d	4	0	
READ	388	0x400e1208	7ffffffe		0x082629	4	0	
READ	389	0x400e1218	27e00000		0x08263b	4	0	
WRITE	390	0x400e1244	02000000		0x0824ff	4	0	
WRITE	391	0x400e1264	02000000		0x082509	4	0	
WRITE	392	0x400e1254	02000000		0x082523	4	0	
WRITE	393	0x400e1234	02000000		0x08253f	4	0	
WRITE	394	0x400e1210	02000000		0x08254d	4	0	
WRITE	395	0x400e1200	02000000		0x083ae5	4	0	
READ	396	0x400e1208	7ffffffe		0x082629	4	0	
READ	397	0x400e1218	27e00000		0x08263b	4	0	
WRITE	398	0x400e1244	02000000		0x0824ff	4	0	
WRITE	399	0x400e1264	02000000		0x082509	4	0	
WRITE	400	0x400e1254	02000000		0x082523	4	0	
WRITE	401	0x400e1234	02000000		0x08253f	4	0	
READ	402	0x400840a0	00050014		0x080d77	4	0	
READ	403	0x400e143c	7fffffff		0x08234d	4	0	
WRITE	404	0x400e1210	02000000		0x08254d	4	0	
WRITE	405	0x400e1200	02000000		0x083ae5	4	0	
READ	406	0x400e1208	7ffffffe		0x082629	4	0	
READ	407	0x400e1218	27e00000		0x08263b	4	0	
WRITE	408	0x400e1244	02000000		0x0824ff	4	0	
WRITE	409	0x400e1264	02000000		0x082509	4	0	
WRITE	410	0x400e1254	02000000		0x082523	4	0	
WRITE	411	0x400e1234	02000000		0x08253f	4	0	
WRITE	412	0x400e1210	02000000		0x08254d	4	0	
WRITE	413	0x400e1200	02000000		0x083ae5	4	0	
READ	414	0x400e1208	7ffffffe		0x082629	4	0	
READ	415	0x400e1218	27e00000		0x08263b	4	0	
READ	416	0x400840a0	00050014		0x080d77	4	0	
READ	417	0x400e143c	7fffffff		0x08234d	4	0	
WRITE	418	0x400e1244	02000000		0x0824ff	4	0	
WRITE	419	0x400e1264	02000000		0x082509	4	0	
WRITE	420	0x400e1254	02000000		0x082523	4	0	
WRITE	421	0x400e1234	02000000		0x08253f	4	0	
WRITE	422	0x400e1210	02000000		0x08254d	4	0	
WRITE	423	0x400e1200	02000000		0x083ae5	4	0	
READ	424	0x400e1208	7ffffffe		0x082629	4	0	
READ	425	0x400e1218	27e00000		0x08263b	4	0	
WRITE	426	0x400e1244	02000000		0x0824ff	4	0	
WRITE	427	0x400e1264	02000000		0x082509	4	0	
WRITE	428	0x400e1254	02000000		0x082523	4	0	
WRITE	429	0x400e1234	02000000		0x08253f	4	0	
WRITE	430	0x400e1210	02000000		0x08254d	4	0	
WRITE	431	0x400e1200	02000000		0x083ae5	4	0	
READ	432	0x400840a0	00050014		0x080d77	4	0	
READ	433	0x400e143c	7fffffff		0x08234d	4	0	
READ	434	0x400e1208	7ffffffe		0x082629	4	0	
READ	435	0x400e1218	27e00000		0x08263b	4	0	
WRITE	436	0x400e1244	02000000		0x0824ff	4	0	
WRITE	437	0x400e1264	02000000		0x082509	4	0	
WRITE	438	0x400e1254	02000000		0x082523	4	0	
WRITE	439	0x400e1234	02000000		0x08253f	4	0	
WRITE	440	0x400e1210	02000000		0x08254d	4	0	
WRITE	441	0x400e1200	02000000		0x083ae5	4	0	
READ	442	0x400e1208	7ffffffe		0x082629	4	0	
READ	443	0x400e1218	27e00000		0x08263b	4	0	
WRITE	444	0x400e1244	02000000		0x0824ff	4	0	
WRITE	445	0x400e1264	02000000		0x082509	4	0	
READ	446	0x400840a0	00050014		0x080d77	4	0	
READ	447	0x400e143c	7fffffff		0x08234d	4	0	
WRITE	448	0x400e1254	02000000		0x082523	4	0	
WRITE	449	0x400e1234	02000000		0x08253f	4	0	
WRITE	450	0x400e1210	02000000		0x08254d	4	0	
WRITE	451	0x400e1200	02000000		0x083ae5	4	0	
READ	452	0x400e1208	7ffffffe		0x082629	4	0	
READ	453	0x400e1218	27e00000		0x08263b	4	0	
WRITE	454	0x400e1244	02000000		0x0824ff	4	0	
WRITE	455	0x400e1264	02000000		0x082509	4	0	
WRITE	456	0x400e1254	02000000		0x082523	4	0	
WRITE	457	0x400e1234	02000000		0x08253f	4	0	
WRITE	458	0x400e1210	02000000		0x08254d	4	0	
WRITE	459	0x400e1200	02000000		0x083ae5	4	0	
READ	460	0x400e1208	7ffffffe		0x082629	4	0	
READ	461	0x400840a0	00050014		0x080d77	4	0	
READ	462	0x400e143c	7fffffff		0x08234d	4	0	
READ	463	0x400e1218	27e00000		0x08263b	4	0	
WRITE	464	0x400e1244	02000000		0x0824ff	4	0	
WRITE	465	0x400e1264	02000000		0x082509	4	0	
WRITE	466	0x400e1254	02000000		0x082523	4	0	
WRITE	467	0x400e1234	02000000		0x08253f	4	0	
WRITE	468	0x400e1210	02000000		0x08254d	4	0	
WRITE	469	0x400e1200	02000000		0x083ae5	4	0	
READ	470	0x400e1208	7ffffffe		0x082629	4	0	
READ	471	0x400e1218	27e00000		0x08263b	4	0	
WRITE	472	0x400e1244	02000000		0x0824ff	4	0	
WRITE	473	0x400e1264	02000000		0x082509	4	0	
WRITE	474	0x400e1254	02000000		0x082523	4	0	
WRITE	475	0x400e1234	02000000		0x08253f	4	0	
WRITE	476	0x400e1210	02000000		0x08254d	4	0	
WRITE	477	0x400e1200	02000000		0x083ae5	4	0	
READ	478	0x400840a0	00050014		0x080d77	4	0	
READ	479	0x400e143c	7fffffff		0x08234d	4	0	
READ	480	0x400e1208	7ffffffe		0x082629	4	0	
READ	481	0x400e1218	27e00000		0x08263b	4	0	
WRITE	482	0x400e1244	02000000		0x0824ff	4	0	
WRITE	483	0x400e1264	02000000		0x082509	4	0	
WRITE	484	0x400e1254	02000000		0x082523	4	0	
WRITE	485	0x400e1234	02000000		0x08253f	4	0	
WRITE	486	0x400e1210	02000000		0x08254d	4	0	
WRITE	487	0x400e1200	02000000		0x083ae5	4	0	
READ	488	0x400e1208	7ffffffe		0x082629	4	0	
READ	489	0x400e1218	27e00000		0x08263b	4	0	
WRITE	490	0x400e1244	02000000		0x0824ff	4	0	
READ	491	0x400840a0	00050014		0x080d77	4	0	
READ	492	0x400e143c	7fffffff		0x08234d	4	0	
WRITE	493	0x400e1264	02000000		0x082509	4	0	
WRITE	494	0x400e1254	02000000		0x082523	4	0	
WRITE	495	0x400e1234	02000000		0x08253f	4	0	
WRITE	496	0x400e1210	02000000		0x08254d	4	0	
WRITE	497	0x400e1200	02000000		0x083ae5	4	0	
READ	498	0x400e1208	7ffffffe		0x082629	4	0	
READ	499	0x400e1218	27e00000		0x08263b	4	0	
WRITE	500	0x400e1244	02000000		0x0824ff	4	0	
WRITE	501	0x400e1264	02000000		0x082509	4	0	
WRITE	502	0x400e1254	02000000		0x082523	4	0	
WRITE	503	0x400e1234	02000000		0x08253f	4	0	
WRITE	504	0x400e1210	02000000		0x08254d	4	0	
WRITE	505	0x400e1200	02000000		0x083ae5	4	0	
READ	506	0x400840a0	00050014		0x080d77	4	0	
READ	507	0x400e143c	7fffffff		0x08234d	4	0	
READ	508	0x400e1208	7ffffffe		0x082629	4	0	
READ	509	0x400e1218	27e00000		0x08263b	4	0	
WRITE	510	0x400e1244	02000000		0x0824ff	4	0	
WRITE	511	0x400e1264	02000000		0x082509	4	0	
WRITE	512	0x400e1254	02000000		0x082523	4	0	
WRITE	513	0x400e1234	02000000		0x08253f	4	0	
WRITE	514	0x400e1210	02000000		0x08254d	4	0	
WRITE	515	0x400e1200	02000000		0x083ae5	4	0	
READ	516	0x400e1208	7ffffffe		0x082629	4	0	
READ	517	0x400e1218	27e00000		0x08263b	4	0	
WRITE	518	0x400e1244	02000000		0x0824ff	4	0	
WRITE	519	0x400e1264	02000000		0x082509	4	0	
WRITE	520	0x400e1254	02000000		0x082523	4	0	
WRITE	521	0x400e1234	02000000		0x08253f	4	0	
READ	522	0x400840a0	00050014		0x080d77	4	0	
READ	523	0x400e143c	7fffffff		0x08234d	4	0	
WRITE	524	0x400e1210	02000000		0x08254d	4	0	
WRITE	525	0x400e1200	02000000		0x083ae5	4	0	
READ	526	0x400e1208	7ffffffe		0x082629	4	0	
READ	527	0x400e1218	27e00000		0x08263b	4	0	
WRITE	528	0x400e1244	02000000		0x0824ff	4	0	
WRITE	529	0x400e1264	02000000		0x082509	4	0	
WRITE	530	0x400e1254	02000000		0x082523	4	0	
WRITE	531	0x400e1234	02000000		0x08253f	4	0	
WRITE	532	0x400e1210	02000000		0x08254d	4	0	
WRITE	533	0x400e1200	02000000		0x083ae5	4	0	
READ	534	0x400e1208	7ffffffe		0x082629	4	0	
READ	535	0x400e1218	27e00000		0x08263b	4	0	
READ	536	0x400840a0	00050014		0x080d77	4	0	
READ	537	0x400e143c	7fffffff		0x08234d	4	0	
WRITE	538	0x400e1244	02000000		0x0824ff	4	0	
WRITE	539	0x400e1264	02000000		0x082509	4	0	
WRITE	540	0x400e1254	02000000		0x082523	4	0	
WRITE	541	0x400e1234	02000000		0x08253f	4	0	
WRITE	542	0x400e1210	02000000		0x08254d	4	0	
WRITE	543	0x400e1200	02000000		0x083ae5	4	0	
READ	544	0x400e1208	7ffffffe		0x082629	4	0	
READ	545	0x400e1218	27e00000		0x08263b	4	0	
WRITE	546	0x400e1244	02000000		0x0824ff	4	0	
WRITE	547	0x400e1264	02000000		0x082509	4	0	
WRITE	548	0x400e1254	02000000		0x082523	4	0	
WRITE	549	0x400e1234	02000000		0x08253f	4	0	
WRITE	550	0x400e1210	02000000		0x08254d	4	0	
WRITE	551	0x400e1200	02000000		0x083ae5	4	0	
READ	552	0x400840a0	00050014		0x080d77	4	0	
READ	553	0x400e143c	7fffffff		0x08234d	4	0	
READ	554	0x400e1208	7ffffffe		0x082629	4	0	
READ	555	0x400e1218	27e00000		0x08263b	4	0	
WRITE	556	0x400e1244	02000000		0x0824ff	4	0	
WRITE	557	0x400e1264	02000000		0x082509	4	0	
WRITE	558	0x400e1254	02000000		0x082523	4	0	
WRITE	559	0x400e1234	02000000		0x08253f	4	0	
WRITE	560	0x400e1210	02000000		0x08254d	4	0	
WRITE	561	0x400e1200	02000000		0x083ae5	4	0	
READ	562	0x400e1208	7ffffffe		0x082629	4	0	
READ	563	0x400e1218	27e00000		0x08263b	4	0	
WRITE	564	0x400e1244	02000000		0x0824ff	4	0	
WRITE	565	0x400e1264	02000000		0x082509	4	0	
WRITE	566	0x400e1254	02000000		0x082523	4	0	
READ	567	0x400840a0	00050014		0x080d77	4	0	
READ	568	0x400e143c	7fffffff		0x08234d	4	0	
WRITE	569	0x400e1234	02000000		0x08253f	4	0	
WRITE	570	0x400e1210	02000000		0x08254d	4	0	
WRITE	571	0x400e1200	02000000		0x083ae5	4	0	
READ	572	0x400e1208	7ffffffe		0x082629	4	0	
READ	573	0x400e1218	27e00000		0x08263b	4	0	
WRITE	574	0x400e1244	02000000		0x0824ff	4	0	
WRITE	575	0x400e1264	02000000		0x082509	4	0	
WRITE	576	0x400e1254	02000000		0x082523	4	0	
WRITE	577	0x400e1234	02000000		0x08253f	4	0	
WRITE	578	0x400e1210	02000000		0x08254d	4	0	
WRITE	579	0x400e1200	02000000		0x083ae5	4	0	
READ	580	0x400e1208	7ffffffe		0x082629	4	0	
READ	581	0x400840a0	00050014		0x080d77	4	0	
READ	582	0x400e143c	7fffffff		0x08234d	4	0	
READ	583	0x400e1218	27e00000		0x08263b	4	0	
WRITE	584	0x400e1244	02000000		0x0824ff	4	0	
WRITE	585	0x400e1264	02000000		0x082509	4	0	
WRITE	586	0x400e1254	02000000		0x082523	4	0	
WRITE	587	0x400e1234	02000000		0x08253f	4	0	
WRITE	588	0x400e1210	02000000		0x08254d	4	0	
WRITE	589	0x400e1200	02000000		0x083ae5	4	0	
READ	590	0x400e1208	7ffffffe		0x082629	4	0	
READ	591	0x400e1218	27e00000		0x08263b	4	0	
WRITE	592	0x400e1244	02000000		0x0824ff	4	0	
WRITE	593	0x400e1264	02000000		0x082509	4	0	
WRITE	594	0x400e1254	02000000		0x082523	4	0	
WRITE	595	0x400e1234	02000000		0x08253f	4	0	
WRITE	596	0x400e1210	02000000		0x08254d	4	0	
WRITE	597	0x400e1200	02000000		0x083ae5	4	0	
READ	598	0x400840a0	00050014		0x080d77	4	0	
READ	599	0x400e143c	7fffffff		0x08234d	4	0	
READ	600	0x400e1208	7ffffffe		0x082629	4	0	
READ	601	0x400e1218	27e00000		0x08263b	4	0	
WRITE	602	0x400e1244	02000000		0x0824ff	4	0	
WRITE	603	0x400e1264	02000000		0x082509	4	0	
WRITE	604	0x400e1254	02000000		0x082523	4	0	
WRITE	605	0x400e1234	02000000		0x08253f	4	0	
WRITE	606	0x400e1210	02000000		0x08254d	4	0	
WRITE	607	0x400e1200	02000000		0x083ae5	4	0	
READ	608	0x400e1208	7ffffffe		0x082629	4	0	
READ	609	0x400e1218	27e00000		0x08263b	4	0	
WRITE	610	0x400e1244	02000000		0x0824ff	4	0	
READ	611	0x400840a0	00050014		0x080d77	4	0	
READ	612	0x400e143c	7fffffff		0x08234d	4	0	
WRITE	613	0x400e1264	02000000		0x082509	4	0	
WRITE	614	0x400e1254	02000000		0x082523	4	0	
WRITE	615	0x400e1234	02000000		0x08253f	4	0	
WRITE	616	0x400e1210	02000000		0x08254d	4	0	
WRITE	617	0x400e1200	02000000		0x083ae5	4	0	
READ	618	0x400e1208	7ffffffe		0x082629	4	0	
READ	619	0x400e1218	27e00000		0x08263b	4	0	
WRITE	620	0x400e1244	02000000		0x0824ff	4	0	
WRITE	621	0x400e1264	02000000		0x082509	4	0	
WRITE	622	0x400e1254	02000000		0x082523	4	0	
WRITE	623	0x400e1234	02000000		0x08253f	4	0	
WRITE	624	0x400e1210	02000000		0x08254d	4	0	
WRITE	625	0x400e1200	02000000		0x083ae5	4	0	
READ	626	0x400840a0	00050014		0x080d77	4	0	
READ	627	0x400e143c	7fffffff		0x08234d	4	0	
READ	628	0x400e1208	7ffffffe		0x082629	4	0	
READ	629	0x400e1218	27e00000		0x08263b	4	0	
WRITE	630	0x400e1244	02000000		0x0824ff	4	0	
WRITE	631	0x400e1264	02000000		0x082509	4	0	
WRITE	632	0x400e1254	02000000		0x082523	4	0	
WRITE	633	0x400e1234	02000000		0x08253f	4	0	
WRITE	634	0x400e1210	02000000		0x08254d	4	0	
WRITE	635	0x400e1200	02000000		0x083ae5	4	0	
READ	636	0x400e1208	7ffffffe		0x082629	4	0	
READ	637	0x400e1218	27e00000		0x08263b	4	0	
WRITE	638	0x400e1244	02000000		0x0824ff	4	0	
WRITE	639	0x400e1264	02000000		0x082509	4	0	
WRITE	640	0x400e1254	02000000		0x082523	4	0	
WRITE	641	0x400e1234	02000000		0x08253f	4	0	
READ	642	0x400840a0	00050014		0x080d77	4	0	
READ	643	0x400e143c	7fffffff		0x08234d	4	0	
WRITE	644	0x400e1210	02000000		0x08254d	4	0	
WRITE	645	0x400e1200	02000000		0x083ae5	4	0	
READ	646	0x400e1208	7ffffffe		0x082629	4	0	
READ	647	0x400e1218	27e00000		0x08263b	4	0	
WRITE	648	0x400e1244	02000000		0x0824ff	4	0	
WRITE	649	0x400e1264	02000000		0x082509	4	0	
WRITE	650	0x400e1254	02000000		0x082523	4	0	
WRITE	651	0x400e1234	02000000		0x08253f	4	0	
WRITE	652	0x400e1210	02000000		0x08254d	4	0	
WRITE	653	0x400e1200	02000000		0x083ae5	4	0	
READ	654	0x400e1208	7ffffffe		0x082629	4	0	
READ	655	0x400e1218	27e00000		0x08263b	4	0	
WRITE	656	0x400e1244	02000000		0x0824ff	4	0	
READ	657	0x400840a0	00050014		0x080d77	4	0	
READ	658	0x400e143c	7fffffff		0x08234d	4	0	
WRITE	659	0x400e1264	02000000		0x082509	4	0	
WRITE	660	0x400e1254	02000000		0x082523	4	0	
WRITE	661	0x400e1234	02000000		0x08253f	4	0	
WRITE	662	0x400e1210	02000000		0x08254d	4	0	
WRITE	663	0x400e1200	02000000		0x083ae5	4	0	
READ	664	0x400e1208	7ffffffe		0x082629	4	0	
READ	665	0x400e1218	27e00000		0x08263b	4	0	
WRITE	666	0x400e1244	02000000		0x0824ff	4	0	
WRITE	667	0x400e1264	02000000		0x082509	4	0	
WRITE	668	0x400e1254	02000000		0x082523	4	0	
WRITE	669	0x400e1234	02000000		0x08253f	4	0	
WRITE	670	0x400e1210	02000000		0x08254d	4	0	
WRITE	671	0x400e1200	02000000		0x083ae5	4	0	
READ	672	0x400840a0	00050014		0x080d77	4	0	
READ	673	0x400e143c	7fffffff		0x08234d	4	0	
READ	674	0x400e1208	7ffffffe		0x082629	4	0	
READ	675	0x400e1218	27e00000		0x08263b	4	0	
WRITE	676	0x400e1244	02000000		0x0824ff	4	0	
WRITE	677	0x400e1264	02000000		0x082509	4	0	
WRITE	678	0x400e1254	02000000		0x082523	4	0	
WRITE	679	0x400e1234	02000000		0x08253f	4	0	
WRITE	680	0x400e1210	02000000		0x08254d	4	0	
WRITE	681	0x400e1200	02000000		0x083ae5	4	0	
READ	682	0x400e1208	7ffffffe		0x082629	4	0	
READ	683	0x400e1218	27e00000		0x08263b	4	0	
WRITE	684	0x400e1244	02000000		0x0824ff	4	0	
WRITE	685	0x400e1264	02000000		0x082509	4	0	
WRITE	686	0x400e1254	02000000		0x082523	4	0	
WRITE	687	0x400e1234	02000000		0x08253f	4	0	
READ	688	0x400840a0	00050014		0x080d77	4	0	
READ	689	0x400e143c	7fffffff		0x08234d	4	0	
WRITE	690	0x400e1210	02000000		0x08254d	4	0	
WRITE	691	0x400e1200	02000000		0x083ae5	4	0	
READ	692	0x400e1208	7ffffffe		0x082629	4	0	
READ	693	0x400e1218	27e00000		0x08263b	4	0	
WRITE	694	0x400e1244	02000000		0x0824ff	4	0	
WRITE	695	0x400e1264	02000000		0x082509	4	0	
WRITE	696	0x400e1254	02000000		0x082523	4	0	
WRITE	697	0x400e1234	02000000		0x08253f	4	0	
WRITE	698	0x400e1210	02000000		0x08254d	4	0	
WRITE	699	0x400e1200	02000000		0x083ae5	4	0	
READ	700	0x400e1208	7ffffffe		0x082629	4	0	
READ	701	0x400e1218	27e00000		0x08263b	4	0	
READ	702	0x400840a0	00050014		0x080d77	4	0	
READ	703	0x400e143c	7fffffff		0x08234d	4	0	
WRITE	704	0x400e1244	02000000		0x0824ff	4	0	
WRITE	705	0x400e1264	02000000		0x082509	4	0	
WRITE	706	0x400e1254	02000000		0x082523	4	0	
WRITE	707	0x400e1234	02000000		0x08253f	4	0	
WRITE	708	0x400e1210	02000000		0x08254d	4	0	
WRITE	709	0x400e1200	02000000		0x083ae5	4	0	
READ	710	0x400e1208	7ffffffe		0x082629	4	0	
READ	711	0x400e1218	27e00000		0x08263b	4	0	
WRITE	712	0x400e1244	02000000		0x0824ff	4	0	
WRITE	713	0x400e1264	02000000		0x082509	4	0	
WRITE	714	0x400e1254	02000000		0x082523	4	0	
WRITE	715	0x400e1234	02000000		0x08253f	4	0	
WRITE	716	0x400e1210	02000000		0x08254d	4	0	
WRITE	717	0x400e1200	02000000		0x083ae5	4	0	
READ	718	0x400840a0	00050014		0x080d77	4	0	
READ	719	0x400e143c	7fffffff		0x08234d	4	0	
READ	720	0x400e1208	7ffffffe		0x082629	4	0	
READ	721	0x400e1218	27e00000		0x08263b	4	0	
WRITE	722	0x400e1244	02000000		0x0824ff	4	0	
WRITE	723	0x400e1264	02000000		0x082509	4	0	
WRITE	724	0x400e1254	02000000		0x082523	4	0	
WRITE	725	0x400e1234	02000000		0x08253f	4	0	
WRITE	726	0x400e1210	02000000		0x08254d	4	0	
WRITE	727	0x400e1200	02000000		0x083ae5	4	0	
READ	728	0x400e1208	7ffffffe		0x082629	4	0	
READ	729	0x400e1218	27e00000		0x08263b	4	0	
WRITE	730	0x400e1244	02000000		0x0824ff	4	0	
WRITE	731	0x400e1264	02000000		0x082509	4	0	
READ	732	0x400840a0	00050014		0x080d77	4	0	
READ	733	0x400e143c	7fffffff		0x08234d	4	0	
WRITE	734	0x400e1254	02000000		0x082523	4	0	
WRITE	735	0x400e1234	02000000		0x08253f	4	0	
WRITE	736	0x400e1210	02000000		0x08254d	4	0	
WRITE	737	0x400e1200	02000000		0x083ae5	4	0	
READ	738	0x400e1208	7ffffffe		0x082629	4	0	
READ	739	0x400e1218	27e00000		0x08263b	4	0	
WRITE	740	0x400e1244	02000000		0x0824ff	4	0	
WRITE	741	0x400e1264	02000000		0x082509	4	0	
WRITE	742	0x400e1254	02000000		0x082523	4	0	
WRITE	743	0x400e1234	02000000		0x08253f	4	0	
WRITE	744	0x400e1210	02000000		0x08254d	4	0	
WRITE	745	0x400e1200	02000000		0x083ae5	4	0	
READ	746	0x400e1208	7ffffffe		0x082629	4	0	
READ	747	0x400840a0	00050014		0x080d77	4	0	
READ	748	0x400e143c	7fffffff		0x08234d	4	0	
READ	749	0x400e1218	27e00000		0x08263b	4	0	
WRITE	750	0x400e1244	02000000		0x0824ff	4	0	
WRITE	751	0x400e1264	02000000		0x082509	4	0	
WRITE	752	0x400e1254	02000000		0x082523	4	0	
WRITE	753	0x400e1234	02000000		0x08253f	4	0	
WRITE	754	0x400e1210	02000000		0x08254d	4	0	
WRITE	755	0x400e1200	02000000		0x083ae5	4	0	
READ	756	0x400e1208	7ffffffe		0x082629	4	0	
READ	757	0x400e1218	27e00000		0x08263b	4	0	
WRITE	758	0x400e1244	02000000		0x0824ff	4	0	
WRITE	759	0x400e1264	02000000		0x082509	4	0	
WRITE	760	0x400e1254	02000000		0x082523	4	0	
WRITE	761	0x400e1234	02000000		0x08253f	4	0	
WRITE	762	0x400e1210	02000000		0x08254d	4	0	
WRITE	763	0x400e1200	02000000		0x083ae5	4	0	
READ	764	0x400840a0	00050014		0x080d77	4	0	
READ	765	0x400e143c	7fffffff		0x08234d	4	0	
READ	766	0x400e1208	7ffffffe		0x082629	4	0	
READ	767	0x400e1218	27e00000		0x08263b	4	0	
WRITE	768	0x400e1244	02000000		0x0824ff	4	0	
WRITE	769	0x400e1264	02000000		0x082509	4	0	
WRITE	770	0x400e1254	02000000		0x082523	4	0	
WRITE	771	0x400e1234	02000000		0x08253f	4	0	
WRITE	772	0x400e1210	02000000		0x08254d	4	0	
WRITE	773	0x400e1200	02000000		0x083ae5	4	0	
READ	774	0x400e1208	7ffffffe		0x082629	4	0	
READ	775	0x400e1218	27e00000		0x08263b	4	0	
WRITE	776	0x400e1244	02000000		0x0824ff	4	0	
READ	777	0x400840a0	00050014		0x080d77	4	0	
READ	778	0x400e143c	7fffffff		0x08234d	4	0	
WRITE	779	0x400e1264	02000000		0x082509	4	0	
WRITE	780	0x400e1254	02000000		0x082523	4	0	
WRITE	781	0x400e1234	02000000		0x08253f	4	0	
WRITE	782	0x400e1210	02000000		0x08254d	4	0	
WRITE	783	0x400e1200	02000000		0x083ae5	4	0	
READ	784	0x400e1208	7ffffffe		0x082629	4	0	
READ	785	0x400e1218	27e00000		0x08263b	4	0	
WRITE	786	0x400e1244	02000000		0x0824ff	4	0	
WRITE	787	0x400e1264	02000000		0x082509	4	0	
WRITE	788	0x400e1254	02000000		0x082523	4	0	
WRITE	789	0x400e1234	02000000		0x08253f	4	0	
WRITE	790	0x400e1210	02000000		0x08254d	4	0	
WRITE	791	0x400e1200	02000000		0x083ae5	4	0	
READ	792	0x400840a0	00050014		0x080d77	4	0	
READ	793	0x400e143c	7fffffff		0x08234d	4	0	
READ	794	0x400e1208	7ffffffe		0x082629	4	0	
READ	795	0x400e1218	27e00000		0x08263b	4	0	
WRITE	796	0x400e1244	02000000		0x0824ff	4	0	
WRITE	797	0x400e1264	02000000		0x082509	4	0	
WRITE	798	0x400e1254	02000000		0x082523	4	0	
WRITE	799	0x400e1234	02000000		0x08253f	4	0	
WRITE	800	0x400e1210	02000000		0x08254d	4	0	
WRITE	801	0x400e1200	02000000		0x083ae5	4	0	
READ	802	0x400e1208	7ffffffe		0x082629	4	0	
READ	803	0x400e1218	27e00000		0x08263b	4	0	
WRITE	804	0x400e1244	02000000		0x0824ff	4	0	
WRITE	805	0x400e1264	02000000		0x082509	4	0	
WRITE	806	0x400e1254	02000000		0x082523	4	0	
WRITE	807	0x400e1234	02000000		0x08253f	4	0	
READ	808	0x400840a0	00050014		0x080d77	4	0	
READ	809	0x400e143c	7fffffff		0x08234d	4	0	
WRITE	810	0x400e1210	02000000		0x08254d	4	0	
WRITE	811	0x400e1200	02000000		0x083ae5	4	0	
READ	812	0x400e1208	7ffffffe		0x082629	4	0	
READ	813	0x400e1218	27e00000		0x08263b	4	0	
WRITE	814	0x400e1244	02000000		0x0824ff	4	0	
WRITE	815	0x400e1264	02000000		0x082509	4	0	
WRITE	816	0x400e1254	02000000		0x082523	4	0	
WRITE	817	0x400e1234	02000000		0x08253f	4	0	
WRITE	818	0x400e1210	02000000		0x08254d	4	0	
WRITE	819	0x400e1200	02000000		0x083ae5	4	0	
READ	820	0x400e1208	7ffffffe		0x082629	4	0	
READ	821	0x400e1218	27e00000		0x08263b	4	0	
WRITE	822	0x400e1244	02000000		0x0824ff	4	0	
READ	823	0x400840a0	00050014		0x080d77	4	0	
READ	824	0x400e143c	7fffffff		0x08234d	4	0	
WRITE	825	0x400e1264	02000000		0x082509	4	0	
WRITE	826	0x400e1254	02000000		0x082523	4	0	
WRITE	827	0x400e1234	02000000		0x08253f	4	0	
WRITE	828	0x400e1210	02000000		0x08254d	4	0	
WRITE	829	0x400e1200	02000000		0x083ae5	4	0	
READ	830	0x400e1208	7ffffffe		0x082629	4	0	
READ	831	0x400e1218	27e00000		0x08263b	4	0	
WRITE	832	0x400e1244	02000000		0x0824ff	4	0	
WRITE	833	0x400e1264	02000000		0x082509	4	0	
WRITE	834	0x400e1254	02000000		0x082523	4	0	
WRITE	835	0x400e1234	02000000		0x08253f	4	0	
WRITE	836	0x400e1210	02000000		0x08254d	4	0	
WRITE	837	0x400e1200	02000000		0x083ae5	4	0	
READ	838	0x400840a0	00050014		0x080d77	4	0	
READ	839	0x400e143c	7fffffff		0x08234d	4	0	
READ	840	0x400e1208	7ffffffe		0x082629	4	0	
READ	841	0x400e1218	27e00000		0x08263b	4	0	
WRITE	842	0x400e1244	02000000		0x0824ff	4	0	
WRITE	843	0x400e1264	02000000		0x082509	4	0	
WRITE	844	0x400e1254	02000000		0x082523	4	0	
WRITE	845	0x400e1234	02000000		0x08253f	4	0	
WRITE	846	0x400e1210	02000000		0x08254d	4	0	
WRITE	847	0x400e1200	02000000		0x083ae5	4	0	
READ	848	0x400e1208	7ffffffe		0x082629	4	0	
READ	849	0x400e1218	27e00000		0x08263b	4	0	
WRITE	850	0x400e1244	02000000		0x0824ff	4	0	
WRITE	851	0x400e1264	02000000		0x082509	4	0	
WRITE	852	0x400e1254	02000000		0x082523	4	0	
READ	853	0x400840a0	00050014		0x080d77	4	0	
READ	854	0x400e143c	7fffffff		0x08234d	4	0	
WRITE	855	0x400e1234	02000000		0x08253f	4	0	
WRITE	856	0x400e1210	02000000		0x08254d	4	0	
WRITE	857	0x400e1200	02000000		0x083ae5	4	0	
READ	858	0x400e1208	7ffffffe		0x082629	4	0	
READ	859	0x400e1218	27e00000		0x08263b	4	0	
WRITE	860	0x400e1244	02000000		0x0824ff	4	0	
WRITE	861	0x400e1264	02000000		0x082509	4	0	
WRITE	862	0x400e1254	02000000		0x082523	4	0	
WRITE	863	0x400e1234	02000000		0x08253f	4	0	
WRITE	864	0x400e1210	02000000		0x08254d	4	0	
WRITE	865	0x400e1200	02000000		0x083ae5	4	0	
READ	866	0x400e1208	7ffffffe		0x082629	4	0	
READ	867	0x400e1218	27e00000		0x08263b	4	0	
READ	868	0x400840a0	00050014		0x080d77	4	0	
READ	869	0x400e143c	7fffffff		0x08234d	4	0	
WRITE	870	0x400e1244	02000000		0x0824ff	4	0	
WRITE	871	0x400e1264	02000000		0x082509	4	0	
WRITE	872	0x400e1254	02000000		0x082523	4	0	
WRITE	873	0x400e1234	02000000		0x08253f	4	0	
WRITE	874	0x400e1210	02000000		0x08254d	4	0	
WRITE	875	0x400e1200	02000000		0x083ae5	4	0	
READ	876	0x400e1208	7ffffffe		0x082629	4	0	
READ	877	0x400e1218	27e00000		0x08263b	4	0	
WRITE	878	0x400e1244	02000000		0x0824ff	4	0	
WRITE	879	0x400e1264	02000000		0x082509	4	0	
WRITE	880	0x400e1254	02000000		0x082523	4	0	
WRITE	881	0x400e1234	02000000		0x08253f	4	0	
WRITE	882	0x400e1210	02000000		0x08254d	4	0	
WRITE	883	0x400e1200	02000000		0x083ae5	4	0	
READ	884	0x400840a0	00050014		0x080d77	4	0	
READ	885	0x400e143c	7fffffff		0x08234d	4	0	
READ	886	0x400e1208	7ffffffe		0x082629	4	0	
READ	887	0x400e1218	27e00000		0x08263b	4	0	
WRITE	888	0x400e1244	02000000		0x0824ff	4	0	
WRITE	889	0x400e1264	02000000		0x082509	4	0	
WRITE	890	0x400e1254	02000000		0x082523	4	0	
WRITE	891	0x400e1234	02000000		0x08253f	4	0	
WRITE	892	0x400e1210	02000000		0x08254d	4	0	
WRITE	893	0x400e1200	02000000		0x083ae5	4	0	
READ	894	0x400e1208	7ffffffe		0x082629	4	0	
READ	895	0x400e1218	27e00000		0x08263b	4	0	
WRITE	896	0x400e1244	02000000		0x0824ff	4	0	
WRITE	897	0x400e1264	02000000		0x082509	4	0	
READ	898	0x400840a0	00050014		0x080d77	4	0	
READ	899	0x400e143c	7fffffff		0x08234d	4	0	
WRITE	900	0x400e1254	02000000		0x082523	4	0	
WRITE	901	0x400e1234	02000000		0x08253f	4	0	
WRITE	902	0x400e1210	02000000		0x08254d	4	0	
WRITE	903	0x400e1200	02000000		0x083ae5	4	0	
READ	904	0x400e1208	7ffffffe		0x082629	4	0	
READ	905	0x400e1218	27e00000		0x08263b	4	0	
WRITE	906	0x400e1244	02000000		0x0824ff	4	0	
WRITE	907	0x400e1264	02000000		0x082509	4	0	
WRITE	908	0x400e1254	02000000		0x082523	4	0	
WRITE	909	0x400e1234	02000000		0x08253f	4	0	
WRITE	910	0x400e1210	02000000		0x08254d	4	0	
WRITE	911	0x400e1200	02000000		0x083ae5	4	0	
READ	912	0x400e1208	7ffffffe		0x082629	4	0	
READ	913	0x400840a0	00050014		0x080d77	4	0	
READ	914	0x400e143c	7fffffff		0x08234d	4	0	
READ	915	0x400e1218	27e00000		0x08263b	4	0	
WRITE	916	0x400e1244	02000000		0x0824ff	4	0	
WRITE	917	0x400e1264	02000000		0x082509	4	0	
WRITE	918	0x400e1254	02000000		0x082523	4	0	
WRITE	919	0x400e1234	02000000		0x08253f	4	0	
WRITE	920	0x400e1210	02000000		0x08254d	4	0	
	4	0	
READ	922	0x400e1208	7ffffffe		0x082629	4	0	
READ	923	0x400e1218	27e00000		0x08263b	4	0	
WRITE	924	0x400e1244	02000000		0x0824ff	4	0	
WRITE	925	0x400e1264	02000000		0x082509	4	0	
||
WRITE	927	0x400e1234	02000000		0x08253f	4	0	
WRITE	928	0x400e1210	02000000		0x08254d	4	0	
READ	929	0x400840a0	00050014		0x080d77	4	0	
READ	930	0x400e143c	7fffffff		0x08234d	4	0	
200	02000000		0x083ae5	4	0	
READ	932	0x400e1208	7ffffffe		0x082629	4	0	
READ	933	0x400e1218	27e00000		0x08263b	4	0	
WRITE	934	0x400e1244	02000000		0x0824ff	4	0	
WRITE	935	0x400e1264	02000000		0x082509	4	0	
WRITE	936	0x400e1254	02000000		0x082523	4	0	
WRITE	937	0x400e1234	02000000		0x08253f	4	0	
00000		0x08254d	4	0	
WRITE	939	0x400e1200	02000000		0x083ae5	4	0	
READ	940	0x400e1208	7ffffffe		0x082629	4	0	
READ	941	0x400e1218	27e00000		0x08263b	4	0	
WRITE	942	0x400e1244	02000000		0x0824ff	4	0	
READ	943	0x400840a0	00050014		0x080d77	4	0	
READ	944	0x400e143c	7fffffff		0x08234d	4	0	
WRITE	945	0x400e1264	02000000		0x082509	4	0	
WRITE	946	0x400e1254	02000000		0x082523	4	0	
WRITE	947	0x400e1234	02000000		0x08253f	4	0	
WRITE	948	0x400e1210	02000000		0x08254d	4	0	
WRITE	949	0x400e1200	02000000		0x083ae5	4	0	
READ	950	0x400e1208	7ffffffe		0x082629	4	0	
READ	951	0x400e1218	27e00000		0x08263b	4	0	
READ	
09	4	0	
082523	4	0	
READ		0x08253f	4	0	
